PDB_ID,CHAIN_ID
5GWW,D
5B03,D
5OJY,A
5DQW,B
3VW0,D
4XHN,A
4XHO,A
6B2M,C
5HI6,B
4NEA,A
5YGG,A
2XPD,A
4ALK,H
4ALJ,D
4BNG,D
4BNH,H
4BNK,D
3HBL,C
4HNV,C
3BG5,D
3HO8,D
3VSL,B
3HSR,D
4QM1,B
3USB,B
3TSD,B
5JGK,A
5JGL,A
3PJG,A
4KQV,A
4XTT,A
5TUO,F
5TT8,D
4ZRB,H
6C92,B
6C8T,C
5L9L,A
5L9G,A
5L9I,A
5XVS,B
5OEU,A
5WUW,A
3W9F,A
4P42,B
5JV4,A
5T2U,A
3BOS,A
2IPT,L
4OCX,L
1F3D,L
1YNL,L
3F8C,A
4Y5Q,A
3IGO,A
3MWU,A
4RZ3,A
5OH1,C
5OH9,C
5OHA,C
5OH4,C
5OH3,B
5XET,C
5TJZ,A
5TJY,A
5HWV,B
5HWW,A
5WDL,C
5WDK,D
3O7J,A
3IKH,C
3I3Y,D
5VG6,B
3WRX,B
3DOK,A
3DOL,A
3DMJ,A
5VZ6,A
4X04,A
4USJ,D
5N1U,B
6B9T,F
4QSC,A
4QRZ,A
4INB,A
3K00,A
3JZJ,A
3K02,A
5MKA,A
5M28,A
5MK9,A
4QNC,B
5UHS,A
4XZ3,C
4XYM,B
3T2D,A
4OTL,C
5Y89,B
5XWC,A
5XW0,A
3K1J,B
3E5U,D
5GRB,D
4U1Q,C
4X3Q,B
2YGM,A
4BEI,D
4N9I,A
4AWF,A
4AVG,D
4AWH,B
5M7N,A
5M7P,A
4UP7,A
4N7W,A
4RL2,A
4RL0,B
4EYB,B
4RBS,B
4EY2,B
5UXD,B
5BW4,B
4FWH,A
4FWD,A
2HPS,A
5V0F,A
5M3G,A
4L97,A
4RGA,B
4RGG,B
5D4O,A
4N6F,A
4U15,A
6D26,A
6D27,A
4D8E,A
4G41,B
4XDZ,A
5E4R,A
4JOU,A
4OZT,U
4OZT,E
2VPO,B
2VPN,B
4MH1,B
3WFJ,G
5OEA,E
5YPI,B
5YPM,G
5YPK,E
5YPN,B
5GRM,B
4E3Q,C
3BXP,B
5UDR,C
5UDS,B
5X9D,A
4PSE,B
5KKL,B
5KJI,B
5WF7,B
4CYJ,A
5X8S,A
5X8X,C
5GZ6,A
4HK6,B
4LAM,A
4HK7,A
5EOX,A
5XA4,A
5IQX,A
3WAH,B
5XIC,D
6DTQ,D
5EYT,A
6CZM,A
4M2C,C
4M2G,C
4M2F,C
4JLS,J
5F76,B
5F7J,D
5F7X,A
5C9A,A
5ABJ,A
4J4V,E
5B09,A
4UBT,D
4UBV,A
4UBT,A
4QTF,A
5DZP,A
5E1I,A
5K69,A
5DVP,B
5MUY,B
3WJN,A
3WJO,A
4V3B,A
3U88,B
6B41,A
1K0N,A
4HTX,C
4JIB,C
4D09,D
5TZA,C
5TZZ,C
2I4I,A
4PX9,A
2JHI,F
2JHL,F
3IFC,C
3IFA,A
5KKN,C
2AQ6,A
1Y30,A
4O7P,B
1RJ9,B
2CNW,C
2J7P,A
2R0D,B
2R09,A
1YTM,B
5KQ4,E
2QKM,F
2AYP,A
5OQ5,A
5OP4,A
5OPU,A
5OPS,A
3C0G,B
5DIS,A
4EYJ,A
4EYM,A
5EKO,A
5EKN,A
5VIE,C
4GYY,A
3TAX,A
6MA2,A
6MA5,A
5OKM,B
4MVF,A
1OGK,D
5BSM,A
5BSR,A
5BSW,B
5BSU,A
5BST,A
3AU7,A
1OI0,A
1UEV,A
1UEU,A
3NCR,A
3NCQ,B
1SW4,B
1SW1,B
1RQL,B
1SWW,B
1RDF,A
5F2V,W
3KB2,B
3PPR,A
3PPQ,A
3PPO,A
5IGZ,A
5IGY,A
5IGW,A
5IH1,A
5IUF,A
5IPP,A
3EHH,A
3EHJ,B
4U0W,B
4U0V,A
4P3H,A
3KMT,C
5E8J,B
1X6V,B
5NG0,B
5J79,A
4C8B,B
5W5O,P
6ES0,A
3L4V,A
3L4U,A
3L4T,A
2QMJ,A
3CTT,A
3BHO,A
4WVO,A
5OR2,A
5OR6,A
3ZVU,A
5TOW,B
3P4X,A
3G2O,B
3G2Q,B
4RVU,B
5DCC,A
5DUJ,B
4GSU,B
4GSR,A
4BNT,C
4BO8,C
4BO4,C
4BNY,D
4BO2,A
5H7J,B
5M7U,A
5M7T,B
5UN9,A
3UGC,A
2Q3E,L
3PTZ,E
5VR8,C
6C4J,G
2VCQ,D
3U5L,A
3U5K,D
3U5J,A
4E96,A
4GPJ,A
6D1U,C
4RWF,A
5K3I,F
4R84,C
2RGX,A
3SR0,A
4WW0,A
2YYE,A
3M0E,C
1NY5,B
2E21,A
2E89,D
2F7A,A
5X40,A
4DT8,A
6CD7,B
4DT9,B
3SG9,B
3SG8,B
5O37,A
4E5M,B
4E5N,G
1T4G,A
2FPK,A
4D6P,B
4B3C,A
4XBA,A
5VAR,A
3IIF,B
3P23,B
4YZ9,A
1NRL,A
3R8D,A
5A86,A
4X1G,A
3MDB,C
5SUN,B
5SVF,D
5LGE,B
5L57,A
5DE1,B
1T9S,A
2CHM,A
3TGG,A
3SIE,B
5JO3,B
2WDA,A
2WCO,A
5JON,A
1A5X,A
3KDO,I
3Q7J,A
5K5Z,A
4O7D,A
3VP1,A
5FG6,A
5AME,B
2Q80,D
6G31,E
4U43,A
4OBO,A
4OBP,A
4OBQ,A
4U42,A
2CDZ,A
4O0V,A
4O0Y,A
4O0X,A
5BMS,A
2W7X,A
2CN5,A
4A9T,A
4A9U,A
4BDE,A
5OFU,A
1I53,A
1JZJ,B
2IWE,A
2IDF,A
4HHG,A
3ETE,D
3ETG,A
3ETD,D
4A7G,F
4A7Q,F
4A7S,F
5O3Y,A
5O40,A
5CNS,C
1EVU,B
2QN2,A
2QN1,A
1Z6Q,A
1Z6P,A
3CUT,A
3GB9,B
3GGS,B
3GEP,B
3GGJ,B
4RAB,A
4RAC,C
4RAD,F
1RL3,B
3PNA,A
3PLQ,A
2F7X,E
2OH0,E
2F7E,E
4YXR,A
3ZO2,A
2E2B,A
4XEY,B
3PYY,A
4YC8,B
2HZ4,A
4LGH,A
4FIC,A
4O2P,B
3F3U,B
3F3V,B
3IKA,A
3W2O,A
4G5J,A
4I23,A
5YU9,A
2Y3I,D
2WZD,A
2X14,A
5MXM,A
1U6R,B
1F0L,B
2B00,A
2AZZ,A
2B03,A
1FRP,B
1FSA,A
1FPJ,B
4H46,A
3HEJ,D
3KCH,A
2F5W,C
3AGO,A
3AHW,A
11BG,B
1TQ9,B
3DJX,A
3DJV,B
1N3Z,A
2RH1,A
4EKS,B
4EKR,B
3GUP,B
5DSG,A
1TBZ,H
1D9I,A
1A61,H
1A5G,H
1A46,H
1ETR,H
1ETS,H
3PMA,D
3ENS,D
3K9X,B
3HPT,B
5FBE,A
5FCK,A
5FBI,A
5NB7,A
5NAT,A
1BUI,A
5UGG,A
5UGD,A
1GJ7,B
1GJC,B
1GI9,B
1GI7,B
4H42,U
1O3J,A
1O2Z,A
3UPE,A
3UUZ,B
3V13,A
1S5S,A
2A32,A
1S84,A
1S83,A
1S6H,A
1PSA,B
1BIL,A
1HRN,A
4GJ5,A
4GJ7,A
4GJ8,B
1PPK,E
1PPM,E
1PPL,E
1B12,C
6B88,B
1E79,D
1NBM,F
2JDI,D
1H8E,D
1ADO,A
1ZAI,C
3TU9,C
1ZAJ,A
5TLH,A
4CTS,B
2CTS,A
5L6T,B
5GMN,A
2CLH,A
2CLL,A
1A5S,A
2TSY,A
2TRS,A
5DK4,A
2OV4,A
1I6L,A
1TB6,I
1AZX,I
1IZ2,A
5OM7,A
4DLV,A
1CLU,A
2EVW,X
1GNP,A
5VBE,A
4XPJ,B
4EAX,B
1SE4,A
2A5F,B
1A8J,H
4UNU,A
5ACM,A
5ACL,A
1NGP,H
1OAR,I
2BJM,H
1I7Z,A
1OP3,L
1A3L,L
2AJV,L
2AJY,L
25C8,L
35C8,L
5MOL,B
1AJ7,H
1N7M,L
1D6V,H
3WN5,E
3TWC,H
1IGT,B
1YEK,H
1YEC,H
1NCW,H
3FO9,B
4FAB,H
1YEE,H
1DBB,H
1DBM,H
1R3L,B
1DBK,H
1DBJ,H
1A0Q,H
2EB8,A
4M5S,A
1YTZ,C
2A5B,A
2A5C,A
5CHK,A
4I60,A
4JHQ,B
2RKZ,B
4FI6,B
4FI7,B
4FI8,B
4PWG,B
4HJU,B
4LA0,A
3UIV,H
5UJB,B
5GIX,B
5YB1,A
4H0W,A
4DZ0,A
5UP8,A
5UP9,B
2XX2,A
2XX4,A
2XX5,A
4AS9,A
4ASA,A
4ESI,A
4Q2V,A
4HV7,X
4HV3,A
4HUP,X
6C9W,A
1APB,A
1BAP,A
9ABP,A
1DBP,A
2LIG,A
1CWQ,A
5E0I,A
5GMZ,E
2KI5,B
1QHI,B
4OQL,B
4PID,A
4PIE,A
1RA7,A
1POV,0
3G26,A
4IDK,A
4IFY,A
4I2Q,A
4ICL,A
1SUQ,A
2Z4O,B
3PWM,B
3NLS,B
3KDB,B
3VF5,B
3UUC,D
4XI3,A
3DT3,A
5TNB,B
5TN9,B
4UCD,B
4UCC,B
5EA3,F
5EA4,F
5EA7,F
5EA6,F
5EA8,F
3WI1,A
3EYM,F
3WRY,C
1E0J,A
5M9M,A
5M9V,A
1CGL,A
3GDL,B
1DQX,B
1DQ9,D
1ARZ,D
4ALD,A
1WPG,B
3AR7,A
3AR6,A
5NCQ,A
4BEW,A
3BTS,B
3FK7,A
4AC0,A
1QKJ,A
5HFM,F
1C1C,A
4KV8,A
4NCG,A
3FFI,A
3T1A,A
5KMK,A
5KMJ,A
4PMT,A
5KML,A
5KMN,A
5LAP,A
5O1I,A
5O1G,A
5O1H,A
5O1F,A
3V00,B
5HQM,A
2VEM,B
2VEK,B
1TSI,A
2X2G,B
1I00,B
2ONB,A
5X67,B
5X69,E
4E28,A
3K8D,D
5N0B,A
3DAP,B
5LOA,B
2DAP,A
1F06,B
1IMX,A
3KTM,F
5BUO,A
1G8X,B
5I4E,A
5E6V,A
1A7C,A
4G8O,D
3UT3,B
4IC0,C
4AQH,B
3FHI,A
1RDQ,E
1FMO,E
1BKX,A
4IAC,A
1AL8,A
2A7P,A
1HUV,A
2A85,A
4X30,A
1IR3,A
3ETA,A
5E1S,A
5HHW,A
4XLV,A
2PL0,A
3B2W,A
2OFV,B
3MPM,A
4C3F,A
3NWA,D
1CY8,A
1CY1,A
1CY0,A
2EWN,B
2V8W,E
4TPW,A
4TQC,A
4TQB,A
1IX3,A
1BPE,A
1HO5,A
1HPU,C
4WWL,A
3UEM,A
2I0V,A
2I1M,A
3DPK,A
3LCD,A
3BEA,A
4XNH,B
1GT3,B
1GT5,B
1GT1,B
1G85,B
4CDL,A
5E1N,A
1DQS,B
1NVF,C
1N69,A
4V2O,C
2JHE,A
3EZ6,A
2XU1,D
5F02,A
5MAJ,A
5MAE,A
3HWN,A
2F90,B
2HHJ,B
2HHJ,A
3GLB,B
1CSB,E
1GMY,B
6AY2,B
3T1K,B
3T2S,A
4YKW,A
1NWG,D
1TW5,A
1TW1,B
2FYD,D
4KRV,A
1JQH,A
1K3A,A
2ZM3,A
5HZN,E
3F5P,E
1I3S,B
3UGX,D
1GAR,A
2VDY,A
4X5R,B
4X5Q,A
4X5P,A
4X50,A
5CGB,A
1HJ6,A
1AI2,A
4AJC,A
4AJ3,A
1G4K,B
1CAQ,A
1D8M,B
1G49,B
2D1O,B
3A6T,A
1PUC,A
2ARP,A
1GNE,A
3U6H,A
3U6I,A
4GG5,A
4GG7,A
4DEG,A
1QA7,B
2C0O,A
2C0I,A
1AD5,A
3VRY,A
3VS7,B
4G37,B
4YLQ,L
1J9C,L
2EC9,L
1HAK,B
1FMW,A
1VOM,A
2XEL,A
3MYK,X
4AE3,A
3C0O,A
1PWH,A
1H17,A
1H16,A
4Q1P,A
4Q1R,B
4Q27,B
4Q2F,A
4Y1Z,B
3UBB,A
3ZMH,A
3TXT,A
2XOW,A
3ZMJ,A
3M3R,G
3VZM,A
1ELV,A
3V99,A
4MKT,A
3FUF,A
3FTV,A
3FUE,A
3FUJ,A
1RXE,A
3VOB,A
3WGN,B
3WGM,A
2JG1,C
3BR5,A
3BR3,A
3BTI,A
3BTJ,A
3BTL,A
1JT6,A
1JTX,A
1JUM,A
2GBY,A
1RPW,B
2G0E,D
4QIF,A
1Y1Q,C
1Y1R,B
2PGA,B
2HN9,B
4OGK,F
2X4A,A
2WE5,A
5VKE,C
2XBP,A
1PSC,B
1EZ2,A
2OQL,B
3URB,B
3CAK,B
3LA3,B
1AON,G
2FZS,B
1DO0,E
1HQY,F
1E94,E
5JI3,F
1KDO,B
1KDR,B
2CMK,A
2FEO,A
1KDT,B
1VHL,A
1VHT,C
6ARI,A
3CX4,A
3GUH,A
4JN4,B
2IOR,A
3OD2,B
2FZG,A
2AIR,A
2H3E,A
2IPO,A
1PQH,B
5LS7,D
1HO4,B
1IXN,C
1SON,A
2GCQ,A
1NHT,A
1CH8,A
1JUY,A
1I5O,B
1TUG,D
4AT1,B
4FYV,D
4FYY,D
1EK8,A
2DH5,A
1WRP,R
3SSX,N
1CMC,B
2Q8M,B
2Q8M,A
5M1E,C
1B57,B
5VJD,A
5VJE,B
4XGX,A
4PXZ,A
4IAQ,A
4Z36,A
4JKV,B
5IUB,A
4JAE,B
4JAF,B
4JAG,B
4UXX,C
4UYO,A
4UXZ,C
4D2E,E
5D56,C
1K9S,B
1K9S,D
1OV6,C
1OU4,C
5IU6,C
2NUU,L
4HZF,B
1I69,A
4B1R,A
4ABZ,A
4B3A,A
5FKN,B
3BM1,B
4IZ6,B
1RMT,D
4BIW,B
4BIZ,C
1U3A,D
6BR4,A
6BQX,A
4ZIJ,A
4KP4,A
2IO9,B
3O98,B
3O98,A
3MP8,A
4WMU,A
4WMV,A
4WMW,A
4WMX,A
3OSQ,A
4WGI,A
5LOF,A
5K94,B
3CRC,B
2P53,A
2V42,A
1ECC,B
2UZJ,A
1PVJ,C
4N7K,H
2HH1,H
2HIT,H
2HHK,H
2ALV,A
3V3M,A
4MDS,A
4TWW,B
3SZN,A
2AMD,A
3D62,A
4TWY,A
4WY3,A
5N5O,A
3F1J,A
2IU8,A
5LRV,C
5CRA,C
5LRW,D
5M93,C
3B0A,A
6B7O,B
5NLI,B
4I6N,B
3IHP,D
4X5M,B
3AY9,A
4IO8,A
4WV7,B
5AQW,A
5AQY,A
3O78,B
5WBX,R
5WC5,R
5V03,R
5V02,R
4G28,R
4J9Z,R
4OY4,A
3WLC,A
4I2Y,A
2ILP,B
2IMB,B
5V8P,B
5V8R,B
4KUF,A
2VSX,A
5AB3,A
3BXZ,A
4LXD,A
4LVT,A
4IEH,A
4AQ3,F
4MAN,B
3M9K,B
5DQY,A
1PKG,B
4HVS,A
3G0F,B
6GQJ,A
6GQK,A
1F31,A
1I1E,A
1VEA,B
5E84,E
4XW2,A
4NK9,A
4F65,B
4F64,A
4F63,A
3TT0,A
1DMA,B
5JA1,A
2PJL,A
3K6P,A
2ZGZ,B
2ZGY,B
4A61,A
4ZGY,A
1P1H,B
3B6R,B
3DRB,B
4XRQ,A
5TSX,B
6BHT,D
1QS4,A
4JLH,A
4AH9,A
4E92,B
2P0M,B
1U1D,A
1U1E,A
1U1F,B
1RXC,J
1U1C,A
4ZTE,B
3T4N,C
3TDH,C
3TE5,C
4K11,A
2BDF,B
2SRC,A
4MXX,A
2H8H,A
3V2U,C
1PG8,C
5X2X,B
5X2Z,D
5X30,D
1NBH,A
2PRZ,C
2PS1,B
3TEZ,A
1U4M,A
1U4L,A
1B3A,A
2BV3,A
2BM1,A
2J7K,A
1E51,A
1PV8,A
5HNR,A
5JLZ,D
5GUT,A
1FDU,B
5T2T,A
1K6R,B
2Q7U,A
3ME3,A
3U2Z,B
4JPG,D
5X1V,B
5X1W,C
1QMF,A
2VS4,B
2WGZ,A
5NRD,B
5NRD,A
2WGZ,B
5CUH,A
4H3X,B
4H2E,B
4H1Q,A
2XPC,A
2UAG,A
2WJP,A
2VTE,A
2JFH,A
4KSP,B
4XV9,A
4FC0,B
2FB8,A
4RZV,B
3V36,A
4LAZ,A
4LB4,A
2IS7,A
4NKC,A
2XG5,A
2XG4,A
1EX7,A
2HVD,C
5UI4,C
5B7B,D
1GZF,B
4DV8,A
4PKR,A
4PKT,A
4PKU,A
4PKV,A
1JBW,A
4JJ2,C
4JJ2,B
4JJ2,A
4U5K,A
4U5I,A
2YDC,A
2RJ9,A
3ZGG,A
3V0M,B
4C16,A
4CSY,A
1JQ7,B
2WPO,C
3OXT,A
3OWP,A
3OVV,A
5N23,A
5BX6,A
2D7H,A
4KDR,A
1Q6M,A
1Q6J,A
1T48,A
4EL9,A
3G51,A
4GUE,A
3UBD,A
1FT4,A
4LZ5,B
2XXH,B
2XX9,B
2XX8,B
2XX7,B
1S49,A
4M8E,A
2ZY0,C
4K4J,A
3FUG,A
4OC7,A
1TAQ,A
1AFB,2
1AFA,2
1BCH,1
3SUC,A
4P4T,A
1XDD,B
2O7N,A
2ICA,A
1CQP,A
4IXD,A
4OKH,B
4LJY,A
2B58,A
2FXF,A
3B2T,B
4J99,B
4XUC,A
4XUD,A
4XUE,B
5LSA,A
6A8P,B
4PDS,B
2OLR,A
1K3C,A
6ASN,A
2BEO,B
5F1R,B
6EUT,A
6EV0,B
6EXL,A
4QRC,A
4XCU,A
5NWZ,A
4GJV,A
6GMI,A
4OKA,A
5B5F,C
5B5G,D
3NW9,A
3OE5,A
3OE4,A
5LQC,A
5LQU,B
5JNC,D
5JN8,D
5JN9,D
5KU6,D
5JNA,D
1VSO,A
4QF9,C
3S2V,B
4YMB,B
2QS4,C
1CSC,A
1CSH,A
4CSC,A
6CTS,A
2R00,C
1B62,A
1NHH,A
1R6T,A
2QUJ,B
2QUI,A
1AFS,B
3DNT,B
3TPV,B
3TPT,B
5X8F,A
5X8G,B
3RV4,A
2J9G,A
2VR1,A
1DV2,B
3BRQ,A
3RJC,A
3RAL,A
3RAK,A
4EK5,A
3RZB,A
1OJL,E
2BOG,X
5ETK,A
5ETL,D
5ETM,A
5ETN,A
5ETO,A
1J49,B
4WXX,B
3M0W,H
4B73,B
5FPT,B
4B6F,B
4B74,A
4B6E,B
3IOG,A
2GKL,A
2QDS,A
3IOF,A
1X8I,A
2BBW,A
4KQ2,C
5UW4,C
5UW0,C
1OTW,A
2PSJ,A
1F6D,B
1VGV,B
3JV2,B
2OJI,A
3W55,A
2OJG,A
4QP8,A
4QP7,B
1H9U,D
3ROK,A
4XJT,A
3ROQ,B
3ROM,A
3ROP,A
5I9Y,A
5I9Z,A
5IA4,A
5NKG,A
5NKF,A
3FXX,A
4TWN,A
1RWO,A
1RWV,A
1RWN,A
1RWK,A
3NS7,B
2IDV,A
2VL2,A
4MMM,C
4K7I,B
3MNG,A
4K7O,C
3TUI,H
4GPT,C
5JLJ,C
4HAV,C
4GMX,C
4HAZ,C
2YCT,B
6DYT,A
2YCP,B
2VLF,A
5D13,C
3EYC,D
4QAF,A
5IJZ,F
4KTT,A
4DX7,C
4DX5,B
5ENO,C
5ENP,C
5ENQ,C
5DOU,A
3O96,A
4EJN,A
5KCV,A
1O6L,A
3D0E,A
3E87,A
3E88,B
3E8D,A
5LSQ,A
5VKB,A
5VKA,A
3A7R,A
1U2R,A
2NPF,B
2D4H,A
2BC9,A
4GIL,C
4GIM,C
4GIK,B
3LTH,A
3SWQ,A
3SU9,A
3SWA,A
3SWI,A
1BG2,A
3SBT,A
5MWU,B
5ON0,B
5ON4,B
3MVZ,B
3MW0,B
3HYT,C
1DQE,A
2P71,A
1NKS,F
6CDS,B
1PB8,A
1PB9,A
1Y20,A
1Y1Z,A
4HBG,A
1NNF,A
2CKQ,A
5WVX,A
1ZHX,A
1ZHW,A
1ZHZ,A
4FES,A
4JCH,A
2XIR,A
3VNT,A
3VO3,A
2QU5,A
3VHE,A
1NRJ,B
4PRG,D
3TY0,A
4FGY,A
4HEE,X
3V9T,A
3WCH,C
3WCL,A
3WCI,C
3WCF,C
3WCJ,E
3T9Q,A
1OTJ,B
3A8E,C
2VQD,A
4OWY,D
3QWB,A
4FTX,B
1SVW,A
2AF4,C
5CBN,A
6BYM,B
3VH4,A
3UHA,B
3UH1,A
2BOW,A
4FKZ,B
1RPJ,A
1EKK,B
1ESQ,A
3U4C,A
2WO8,D
2WO9,A
2WO8,A
3UVC,A
4H30,B
5GMU,B
1K90,C
1S26,C
3FSS,A
2XUZ,A
2XV1,A
5X4Q,A
5X4M,A
5X4N,A
5X4P,A
5X9P,A
3O2Y,B
4ORX,B
4ORR,A
5WY9,A
2ZT7,A
2ZT5,A
3ZH8,B
4ZF4,A
4ZF5,A
4BDU,B
5T3I,A
3EVP,A
5CMK,B
4L23,A
5XGI,A
5XGJ,A
1RHQ,A
1NMS,B
1NMQ,A
1NME,B
1NME,A
4XZ0,A
2OZO,A
4FL3,A
4MCB,A
4MCC,A
1VH3,B
3DUV,A
5VO3,A
1F74,C
2CEX,B
2V4C,A
2WYK,A
3B50,A
2XWO,A
2GKE,A
2GKJ,A
4LZJ,D
5DBH,X
2PJT,D
1ZTQ,C
4L19,B
3ELM,A
3KEJ,A
4I9O,A
1Q6I,B
3R0I,B
1T1S,A
1Q0Q,A
1ONP,A
4E73,A
4HYS,A
4HYU,A
4IZY,A
4L7F,A
1SXG,A
2NZU,G
2NZV,G
4Y6M,C
4Z22,A
1XE5,A
1XE6,A
4CKU,F
5C91,A
5LO8,B
1YW2,A
2GTM,A
5NZZ,H
4TYH,B
5LAR,A
5JPG,A
4UAI,A
4B48,A
4KJZ,C
3SYA,A
5ABU,A
4UEC,C
2O5P,A
2CHW,A
2CHX,A
2CHZ,A
4DK5,A
4EZJ,A
6A4I,D
5TI9,D
3M2W,A
3M42,A
2PZY,B
1NY3,A
3R2B,A
3TJM,A
1D2E,C
4X0U,C
3RZ3,C
4L87,A
4HNI,B
5KLY,A
5IPE,A
5IPC,A
5I2E,A
5KM1,A
5CR7,B
2XJC,A
5CQZ,A
4H4B,A
6DDZ,A
3W1G,A
5WBO,B
5WBP,A
5WBQ,B
5WBR,B
5WBM,A
2RCT,A
4EDE,A
6C7Z,B
3MBC,A
5C4S,A
5C4O,A
4WQP,A
4QM0,C
5NTQ,A
1P52,A
1RL9,A
4GVY,A
4GW0,A
2Q16,A
2JKV,C
5UQ9,F
4U54,A
4U58,A
4U5N,A
4U5O,A
4U5L,A
3VN9,A
3FME,A
1HH4,E
4ZX2,A
5XOX,D
5NEI,A
5NJE,A
5NN2,A
5AUT,A
4TXC,A
3GU8,A
5AV0,A
4YO4,A
4QNQ,B
3S95,B
5NXC,L
2QQG,A
1SZD,A
2OD2,A
1Q1A,A
3RTP,A
2OK1,A
3V6S,A
2R9S,A
4KKH,A
4Q95,B
4YP9,A
4YRZ,A
2HJ9,A
4ZHX,A
5ISO,C
5EZV,A
6B1U,A
6BX6,A
5MJA,A
4W50,D
1PQ9,C
1UPV,A
4RAK,A
5JY3,C
5FTJ,B
5T4U,A
5C6S,A
5C85,A
5C87,A
5C89,A
1SHJ,B
1SHL,B
5V6Z,B
5V6U,B
2AR9,A
4N5D,A
4N7M,A
4NBK,A
4NBL,A
4NBN,B
1ZUI,A
3MUF,A
3N2E,B
5EZ1,A
4FQ8,B
3PHI,B
3PHJ,A
3CYQ,K
2VQJ,A
2VQM,A
1WK8,B
3CKR,B
3CKP,B
3KYR,B
3UDH,A
3UDJ,A
5J5F,A
5J5G,I
4ZK1,C
4ZJT,C
3U8J,G
4NCJ,B
3QKT,B
1F2U,A
3L1L,A
1UEH,B
1X08,A
1V7U,B
4H2J,A
5AES,B
2ANB,A
2F3R,B
2AN9,B
1NF3,A
1GRN,A
2ODB,A
5CJP,B
4DXA,A
5KHO,C
4XOI,A
5A0F,A
1HNL,A
1BB5,B
5LSH,A
1REM,A
207L,A
1I4F,B
6C98,D
3MZT,F
1RNC,A
1JN4,A
4G8V,A
4G8Y,A
4G90,A
4EC7,A
1QIW,B
1XA5,A
2GPV,C
2EWP,B
5TA2,A
5T9Z,A
5T9W,A
5LUD,A
1W8L,A
3I3T,H
3IMD,B
3IN8,A
1CJ1,D
3IN7,C
3IMJ,B
1RYH,B
1RYF,B
1UUJ,C
4N4S,B
5HD4,A
4QYY,A
4XP0,A
4XOZ,A
5D2D,B
3KYD,D
3KYC,D
2QKS,A
3I96,C
3LNL,B
3K7W,C
3K7V,C
2IE4,C
3P71,C
4LAC,C
2Q0U,A
1IJJ,B
1QZ5,A
6FM2,A
3FFK,B
3PUX,B
4KI0,A
2R6G,B
5M44,A
1ANK,B
2ECK,A
4X8L,A
3FZ6,B
2DGM,E
3FZ8,B
3SJQ,C
2F48,A
4I9E,B
3OID,B
2WF8,A
1O03,A
5OK0,A
5OLX,A
5OLY,G
3GO6,A
4XKB,A
4XKC,A
5B3V,C
5Y2W,A
2B1R,A
2D2V,A
1TJ4,A
1U2T,A
2B1Q,A
3NZM,A
2IWV,B
2WVP,A
1Y2G,A
1S1J,A
1S1S,B
1Y2F,A
4K7R,A
3O9P,A
1Z7E,F
4WKG,D
4PXD,A
3IN1,A
1XG4,A
1XG3,A
2XEU,A
3X06,B
3X09,B
3X03,B
3X04,B
2FV5,A
3EDZ,A
2PL7,B
3QQT,B
4K19,B
6GR0,A
5NKN,A
4ZHC,B
3KTJ,B
3GXY,B
3GXZ,A
4KP1,A
4QQU,A
4L65,A
4L6H,A
2J7P,E
2IYL,D
1RJ9,A
2CNW,E
1V9O,A
1V3S,A
2OA5,B
1PZG,B
1PZH,B
3OM9,A
3E6Y,B
3FXR,A
3V78,A
2VR5,A
5NJI,A
1PNV,A
3H4I,A
3H4T,A
3RUX,A
5KU9,B
5MES,A
5MEV,A
1OQN,B
2G8E,A
2G8J,A
1TLO,A
2R9C,A
2R9F,A
2VSL,A
5C0L,A
5C0K,A
5C3H,A
5C3K,A
3RV7,D
3RV8,D
3RV9,A
3ST6,A
4FB7,A
5TCJ,B
6DUA,B
6DWE,B
6DWE,F
6DU1,H
3O6T,A
3FNE,C
2B36,D
4OHU,D
4OYR,D
4OXY,D
6B2Q,A
6B2Q,C
2AO2,B
2FP2,B
2VKL,A
2PKK,A
2PKM,A
4PVV,A
3QF3,E
3QF3,A
5WSC,C
5WS9,C
4NL5,B
1F8I,A
5NJ0,A
5NIO,A
5NIM,A
5EYR,A
3SFI,A
5D1R,A
5X7Z,A
5X80,A
3I54,C
3I59,A
3I59,B
4R8D,B
2Y88,A
1NH8,A
5LHT,A
5F91,C
4APB,A
4ADL,C
1NBU,F
3RAS,A
4OOE,D
5AGU,A
1C3V,A
1P9L,A
5I7A,D
5I7H,D
5I7R,B
5IW8,B
5I6D,D
1WE2,A
1ZYU,A
2IYZ,A
3BAF,A
2IYW,A
2VHW,F
2VOJ,A
3HQJ,A
5KWA,A
1DQY,A
5KWI,A
5KWJ,A
5OCJ,B
3HGN,A
3DHH,E
3Q14,E
3Q3M,H
4TTH,B
2F2C,B
1XO2,B
2EUF,B
2J0L,A
4C7T,A
2J0K,B
4D5H,A
4D58,B
3TVW,C
4WYO,C
4WZ8,C
5CTB,C
5CTC,C
4JVE,A
4HBM,G
4ERF,C
4ERE,B
3TU1,A
3ZZH,C
1W7J,A
2P4I,B
2OSC,A
2OO8,X
2F6M,D
4TW8,A
4LAX,A
4LAY,A
2Q5G,A
3OZ0,A
5U3R,A
3SP9,A
2XYX,A
4U90,A
2LBU,B
4W5J,B
3IP8,A
3IXL,A
6F6S,B
6G9I,B
5JQB,B
6G9B,B
6G95,B
1C9K,B
1WDY,A
4IWW,B
4OU1,A
3NZ1,A
4A29,A
2SHP,A
5EHR,B
5EHP,A
4PVG,A
5XZR,A
5BV3,C
3PIX,A
3PIZ,A
3PJ2,A
3PJ3,A
5P9I,A
4XCS,D
4OEP,A
4NW7,A
3D3P,A
4MYQ,A
3KKT,B
3GWT,A
1V0O,A
2ZFN,A
3SPF,A
4EHR,A
3SP7,A
4TUH,E
4QVX,A
4ZBI,B
4OQ6,B
4OQ5,B
4HW2,A
4HW3,L
4NYI,S
4NYJ,S
5WFO,N
5WFQ,N
5WFR,N
5J9W,I
5LKZ,A
5LKT,A
5LKX,A
4BHW,B
4XGU,E
3S6G,Y
5DMH,A
5T2Y,B
3BSY,A
2VHE,A
2I10,B
2NP5,B
2WOJ,B
4XTR,B
1P6O,B
3UQA,A
4GGQ,B
5H5D,A
5H5E,A
5H5F,A
4Z1F,A
4Z1H,A
5Y3O,A
5Y3N,A
5F5R,A
4ZU4,C
4ZJI,D
4DAW,A
2HY8,1
4P90,A
4O0T,A
4ZSG,A
4ZSL,A
4ZSJ,A
5BYZ,A
5BYY,A
5DH3,A
6AO5,A
2VFX,G
6H6A,D
4HY4,A
4LGE,A
4KMN,A
5M6N,A
3KAH,A
4U85,A
2Q5A,A
2ZR4,A
4TYO,B
1XTJ,A
5DA3,A
5H2U,B
6CZ4,A
4KU7,A
5J48,A
5JAX,A
5JD7,A
4QX5,A
4FG7,A
3ET7,A
3FZR,A
4LY9,B
4MSU,B
4OHK,B
4OHM,B
4OHO,B
4WWQ,A
4UMT,A
4D2V,D
4D2T,D
4UMU,A
4UMP,D
4PS1,D
4N73,A
3CQV,A
4KWW,A
5AYZ,C
1X79,B
2R4B,A
3BBT,B
2Z7R,A
3GZN,J
5HYN,F
3T7D,B
4F9F,B
2C84,A
2IIB,A
2IHZ,A
2ILV,A
4JXY,A
3UVR,A
3UVP,A
4EH4,A
4EH7,A
4EH9,A
5HI3,B
5HI4,A
5HI5,B
6B0T,C
1TG6,D
1IL0,B
4DYP,A
4DYN,A
3TG6,A
4DYB,A
4DYA,A
2QTS,C
6B06,B
6B07,B
1QK3,B
1FSG,A
1QK4,A
1QK5,B
3KIF,G
3HQP,N
1EL4,A
1S36,A
1SL9,A
4A5A,A
2FGH,B
4DQJ,A
1CJW,A
3OXO,E
3V1R,A
3AG6,A
5HE9,A
4A0Z,A
5DL1,A
3FA3,M
1NM5,A
1PTJ,A
2OO5,B
3B1N,A
3B1P,A
4XXV,B
6B9U,A
5YOF,B
5YOD,F
5U0B,A
2NOM,A
2Q0C,A
2Q0D,A
2Q0E,A
2Q0F,A
3R75,A
2HKX,A
5JP1,A
3HZT,A
4ZQB,B
3EJ2,A
3V0S,A
4KBY,A
4JC5,B
4LOJ,B
4LOK,B
4YP1,A
2G7Q,A
3ZV6,A
3ZV5,A
4AUB,H
1OJ7,B
2CJA,A
2CJ9,A
5IGJ,A
5IGP,A
5IGR,A
5IGS,A
3H9J,D
4R4Y,A
4RHE,C
4KS0,B
1W62,A
1I0I,B
5IJC,A
3A7B,A
3A7C,A
5A7Y,B
4FXQ,B
4UXJ,E
4UXH,A
5NZG,A
5NZM,A
5NZL,A
4M28,A
5HWC,A
5UQR,B
5UQU,B
5DF8,A
5DF7,A
5DF9,A
3RET,B
2R1W,A
2R1X,A
4M83,B
2ZW5,A
1Z5U,A
2CN4,B
1OJM,A
1OJP,A
1OJO,A
1F9G,A
3O01,B
3O02,B
1I5D,A
4XIV,A
4XIV,B
6C40,B
1FSZ,A
1W58,1
1W5E,E
2C49,A
2HXD,A
4DKB,A
4DL8,A
3F46,A
3DAF,A
3H65,A
3OTX,B
4N09,A
1YEJ,L
1YEI,L
1ND0,E
4KCX,A
5VBR,B
4FLP,B
5VBQ,A
2V57,C
5A8A,B
5ICF,A
5ICC,A
5ICE,A
4P5F,B
3AQ0,G
3AQ0,H
3WJR,A
3WJP,A
3WJQ,A
3B1X,A
3B1V,A
3LX5,A
3SS8,A
4F21,E
3GOB,A
3GTS,B
3VPD,A
1DAR,A
5X8C,A
5X8B,A
5X86,A
2ZDG,C
2ZDQ,A
2ZDH,A
4F7I,A
2DBY,A
2XXJ,B
4WVC,B
2CX8,A
2Z0Y,A
1V26,B
1V25,B
3AEX,A
3AKC,A
3AKE,A
4ODO,B
3ANG,A
4EHU,B
4EHT,B
4WP8,A
5FFZ,A
4MXP,A
6G0C,A
4BRK,B
4OHF,A
2VBU,A
2J9D,E
2J9E,C
5XJD,B
5GN0,B
2V5E,A
2V3U,A
1T66,L
3GG4,B
4V7N,B
4D6S,A
5FP9,A
5F5A,A
5F5C,A
5FP8,A
5ZQ7,C
6EO0,A
6ENX,A
5YP2,B
3GXW,C
3IJP,A
5CGE,B
4Z2B,A
3QCU,I
3QCV,I
4C03,B
2R2H,B
1UM5,H
1UM4,H
2VBG,B
1WW5,C
1WW4,B
3WG4,B
3WG1,B
4Q36,A
4MFQ,A
4MFK,A
4Q38,A
5ES8,A
3AO1,B
3AO3,A
3VQ8,A
3AO5,A
3AO4,A
2JLE,A
4KBF,A
4G9P,A
4YB4,C
3D8N,A
3DUW,B
3TJR,A
4EI7,B
4Z87,C
5MCP,F
1HYZ,A
3LPU,A
3LPT,A
4J93,A
5C5E,A
3HTJ,A
3HTI,A
1NLY,A
1G6O,B
5USX,A
1V6U,A
1V6X,A
2D20,A
1QZ3,A
4O5T,B
2Y7P,A
3TLX,D
3UN3,C
5YCS,C
3OJF,D
5YCR,D
4RO2,C
4PDL,B
5USC,B
2PZ8,B
2PZA,A
4HRQ,B
4V08,B
3UWL,B
5J7W,D
4O7U,D
4O7U,B
3IRH,B
5E0J,A
5DGJ,A
5TG2,A
3SLH,D
4EGR,A
1CKM,A
3CJT,M
3CJQ,A
2NXE,B
3CJR,A
4F5Y,A
4KSY,A
4LOI,B
4QXP,A
5BQX,A
5IXC,A
3LKI,B
5KEW,D
3C85,C
5IUW,B
5IUV,A
3WGY,B
3WGQ,A
3WGZ,B
4OAG,B
5YJ1,G
4TZC,D
5TEN,G
4ZMS,A
3LBY,A
3LBE,D
3TBE,B
3KEO,B
4R2W,F
4YJK,A
3GZ8,D
5NDB,A
3CW9,B
3SK2,A
4Q15,A
4WI1,B
5IFU,B
3K60,A
4ZEV,A
4ZEW,A
4ZEX,A
2Q8Z,A
3S9Y,A
2Q8Z,B
3BAR,B
3MWA,A
3FNU,C
5GNR,A
5GOF,A
4RMI,A
4RMG,A
5DY4,A
5DY5,A
5MAR,A
5IGL,A
3EW2,C
3OTI,B
4GF5,G
2XKB,G
5VXC,A
5VXO,C
4UU5,A
4GDY,B
5VDP,A
5VDT,A
5V8H,A
5VDU,A
5VDW,A
5W2I,A
5I35,A
5C8Z,B
5C81,B
3WZM,B
5IE5,B
5IE7,A
5M47,A
3C4V,B
3C4Q,A
3HCI,A
3GKN,B
4CS9,B
3CFK,O
5D3Y,A
5G5M,A
3KTA,C
1XEX,A
4H4K,C
4R7Y,A
1IQP,A
4X3T,D
5EJW,A
3JRQ,B
3NEF,A
4XHE,B
3SIO,H
2YMD,D
5OAJ,J
5YLT,A
1O9S,A
1N6C,A
3OS5,A
4ZES,B
5GGI,B
4CDP,A
5NMP,A
1XIO,A
1TJY,A
2QYU,A
3KBO,A
4WE4,B
1JGU,H
1IA9,B
1IAH,B
5I8G,A
5I8B,A
6ALB,A
3VFE,A
4D8N,A
2GJK,A
2GK6,A
2REG,A
2RIN,B
5VSB,B
5WHC,B
6F5H,B
3A9V,A
3NI2,A
4BLT,C
2VHT,B
4BLR,A
2I55,C
3AZ9,C
3AZA,C
3AZB,P
3BL9,A
3BL7,A
4QDV,A
4QDE,C
5OSY,A
4I5I,A
4ZZI,A
4ZZJ,A
4KXQ,A
6D5K,B
6D5X,B
2Q4V,A
5Q0J,C
5Z12,D
5WZX,B
5Q0L,C
5Q0N,A
2V8V,D
1R43,A
2V8G,A
2E2Q,A
3MBI,D
2YJ5,A
2YJ4,A
2YJ4,B
6GA0,A
4RCY,A
2AHO,A
4M4S,A
4RJL,A
2QTH,A
3CL1,B
3CLP,C
4MUV,A
4JXH,A
3IXS,C
2O23,B
1U7T,A
1Y1A,B
4OBC,A
5UZ8,A
2Q2Q,D
2Y30,A
4M84,A
4IHP,A
4IFG,A
5T6K,A
5T6A,A
5L7W,A
5JSF,A
3AJM,A
4INI,B
4INI,A
2J4E,F
2J4E,D
1UEI,B
1UDW,B
1UEJ,A
5F74,A
6EKJ,A
4NJ9,H
5AYL,A
4MGK,E
4MGY,E
5Z49,A
4DPT,B
4DU7,A
3QT8,A
2H39,B
3UIL,D
3UMQ,A
4OPP,B
5E0B,C
3QV4,B
5IBO,A
3N9P,A
1XMZ,B
2P39,A
3H8V,A
3GUC,A
5L95,A
3NKV,A
4I1O,C
5AEH,A
5C41,C
5TF9,A
5WDY,B
5WE8,A
5HGZ,A
5ICW,B
4IY0,A
4DX2,A
2WM3,A
2WMD,A
2DTE,B
3K9U,A
3NE7,A
4J6X,F
4RNH,A
5WQP,A
4P0G,A
4NJQ,A
5G3R,A
4B7X,I
5DWZ,H
1ZWL,A
5Z20,F
4MTQ,B
3TTM,B
4ZSK,A
4ZSK,B
4ZSI,B
4ZSI,A
4LZ0,A
4P8E,A
4P6P,A
4R87,L
4R57,H
4U9O,A
1ZU0,A
3A09,A
3VLW,B
4F10,A
2X61,A
4L68,A
3KAL,B
1Q8M,A
4NXX,A
4NXW,A
4KS8,A
5Y4H,A
4JT9,A
4JT8,A
4JSR,A
4BVH,B
4U97,B
4WFF,B
6B8O,D
2YDX,E
2YDX,A
5NIX,D
5N2D,B
5N2F,B
5J8O,A
5J89,C
1E5Q,B
4LV5,B
4M69,A
2PQD,A
2GGA,A
2PQC,A
4FCW,F
4LJ7,A
3A70,C
4AMB,B
5HYL,B
5HZZ,C
4Q47,A
1RF4,A
1RF6,A
2FNC,A
2C2G,A
3N7U,F
3KRP,D
3OJI,B
4ZBP,C
3BFH,A
3BFB,A
3FE8,A
3D74,A
4D0L,E
6GL3,A
1Y8R,B
4I1R,A
2XTM,B
5CQH,A
5GVR,A
5AX9,C
2X7F,B
1YZU,B
1Z0I,A
5IUH,A
5IUG,A
4KMD,A
3BNX,A
3BNY,B
3CKE,B
4KVD,B
4KVI,B
1YRB,A
3FRO,B
6EPA,A
5FYX,A
5AAN,A
5G08,A
2CZ2,A
3A1U,B
4ZIR,A
4Q4A,A
1RZM,A
2ORW,B
2QQ0,B
2QQ0,A
2QQE,A
1O27,B
3H39,A
3H3A,B
2FN8,A
2A0N,A
4EWN,D
2GHA,A
6DTU,A
1XDJ,A
3A0T,A
4O4K,B
4O5G,B
4O24,B
6ASC,B
3IUR,A
3MUO,A
3IUQ,A
4HEU,A
4HF4,A
4FCD,A
4DDL,A
3UUO,A
3LQ3,A
3FEG,A
2HRL,A
3RPN,F
1YZX,A
2QCT,A
4J51,B
2F0Z,A
2F12,A
2F25,A
4TO3,A
4TO4,B
4QG2,A
6DW5,C
4ZHX,B
5UOS,A
4C0P,D
2RAK,A
4JZ1,A
3NCL,A
4R0I,A
2GV6,A
2GV7,A
3ZKN,A
5JSG,B
5JSJ,A
4H75,A
3HLE,A
3HLG,A
3HLF,A
4GQC,D
4RE5,A
2HU8,A
1VE7,A
1XKD,B
4D4C,B
4D4D,B
4D4B,B
1NWW,A
4XDV,D
4XBT,A
5YAO,A
5GKW,A
4RIF,A
5T6S,F
5A9T,A
4L80,A
6X4W,A
6X2F,A
6X4Y,A
6X43,A
6X2N,A
6SLO,C
6SLO,D
6MKG,A
6MKF,A
7D0A,E
7D0A,B
7D08,E
7CTA,B
7CTA,A
6IMJ,B
6IMJ,A
7C81,A
7C9S,A
7C80,A
7C9W,A
6S8H,G
7JNB,A
7JNF,A
6PCO,A
6MH5,B
5Z4F,A
5Z36,A
5ZCM,A
6N2Z,D
6N30,E
6N2Y,F
7AHD,D
7AHD,C
6VLC,C
6VLC,A
7AHH,A
7AHD,B
6TMK,D
6TMH,D
6TMK,B
6YW9,A
6YW9,B
6YSP,C
6YS6,C
6HWL,B
6JU7,A
6JU9,A
6JU9,B
6ACU,A
6AD0,A
6ZPM,B
7JK8,A
7CY5,A
7CY8,A
6LH1,A
7DEP,B
6NPC,A
6NPD,A
6HBD,B
6HBD,A
6HYH,B
6HBM,B
7JGA,E
7JG5,F
7JG5,A
7JGA,A
7JGA,C
6ACX,A
6RDS,U
6RDR,U
6RDQ,U
6RES,U
6REA,U
6RDX,X
6RDW,X
6RDY,X
6RET,Z
6RES,Z
6WN8,E
6UGV,H
6UGV,A
6QRE,B
6QOO,B
6JZK,B
6NO4,A
6RXE,B
6RXE,A
6NJP,D
6NJO,D
6IYF,B
7DO7,B
7DO7,A
6UT3,E
6UT3,C
6ZQV,A
6ZQV,E
6ZQV,C
6IHK,B
6IJB,B
6VTB,A
7KCT,B
7KCT,A
7KC7,A
6VQB,A
6VQ8,A
6VQA,B
6O8M,A
6P8V,D
6P8V,C
6P8V,B
6US5,D
6V03,C
6RWM,I
6RWM,A
6R4O,A
7C1R,A
7C1L,A
7C1S,A
6SC2,A
6SC2,B
6M84,A
6VXZ,C
6VXZ,A
6VXZ,D
6PDY,A
6PDW,B
6OGZ,A
6R77,B
6R77,A
6T0V,B
6SZV,B
6SZV,A
6TW1,A
6T0V,A
6I6K,B
6I6N,B
6I6L,B
6I6K,A
6I6N,A
6ECI,E
6ECI,B
6ECI,N
6Q7L,W
6Q7L,Z
6Q7M,Z
6Q7M,W
6Q7L,V
7K9W,B
7K9U,B
7K9W,A
6G3N,B
6G3N,A
6J5I,F
6J5K,B
6J5K,C
6L8Z,A
6S3N,B
6S3M,B
6S3M,A
6S3I,A
6S3N,A
6O6N,A
6JQ0,B
6FP6,R
6YG6,A
6YG6,B
6YG7,B
6UXY,A
6JKT,B
6JKT,A
6XRU,A
6HEA,M
6HED,K
6S7R,K
6S7R,L
7CR7,B
7CR7,G
6ICZ,Q
6VYP,K
6OZ6,C
6M96,B
6P5M,A
6DEW,A
6XZZ,B
6V9V,D
6V9V,B
7CA3,B
6W2X,B
7CUM,B
6WIV,B
6ZKC,H
6VM3,B
6VM3,C
6PUU,D
6PUU,B
6PUU,A
7JL3,E
7JL3,C
7JL3,A
6SBU,D
6SBU,H
6N4L,A
6N4M,A
7KHI,F
6N57,L
6PSV,L
6N58,L
6SR3,A
6SR4,A
6SR5,A
6SR2,A
6SR1,A
6QF7,B
6QF7,D
6RAV,A
6T8W,A
6T8V,A
6VOG,E
6VOF,E
6VMD,F
6VOH,F
6VOI,F
6Z1F,E
6Z1F,G
6Z1F,D
6Z1F,C
6I2X,A
7AD7,B
6WGH,A
6ZIR,A
6W4E,C
7ACQ,A
6YXW,A
6W4F,C
6GNQ,B
6GNQ,D
6TC2,H
6I7V,D
6TA4,B
6TA3,B
6TIW,B
6PTS,C
6W4F,D
6PH7,A
6PGS,A
6PEL,A
7BD7,A
6MLP,E
6MLI,E
6MKW,A
6YN0,A
6NPP,B
6NPM,B
6VH6,B
6NPI,B
7JN3,A
7JN3,E
7KUI,A
6TS6,A
6W50,A
6TS5,A
5QQO,A
5QQP,A
7LC3,B
7BH1,B
6PTW,D
6PTS,D
6T90,C
6YOV,C
6VOJ,C
6VOK,C
6VMB,A
6GU2,A
6GU4,A
6GU3,A
6BEL,A
7K96,A
6DIC,A
6N2S,A
6PRL,F
6PRL,D
6OB0,D
6OB0,C
6OB0,B
6DRG,A
6U5U,G
6NRI,A
6NRG,A
6NRH,A
7AAB,B
6PSV,J
7KHE,D
6PSW,J
7KHI,C
6UU6,C
6UU0,C
6UBO,B
6UBO,A
6TQM,A
6TQM,B
6MHZ,B
6MHZ,A
6MI8,B
6MI8,A
6MBN,A
6LUR,D
6LUR,B
6QEM,D
6QEM,B
5ZE6,B
5ZE6,A
6MHU,G
6IB8,A
6GFM,A
6QEL,G
6MI7,F
6WA8,A
6ZB5,C
6ZB5,B
6ZB4,A
6ZB4,C
7JN2,A
7KOL,A
7CMD,C
7CMD,D
7CMD,B
6Z4U,B
6HT7,F
6M8H,A
6KS6,A
6YMW,A
6V93,A
6HUP,D
6I53,A
6I53,D
6NF1,A
6NFA,A
6JOJ,A
6JOK,A
7BT2,A
6PDT,D
6PDT,B
6PDT,C
6PDT,A
6MSE,F
6MSD,F
6WJD,F
6MSG,F
6MSH,F
6QL9,D
6ZQM,C
6Z1R,C
6Z1U,B
6UXW,A
5Z3U,O
5Z3V,O
7JUD,B
7JUC,A
6GRG,2
6Y1Z,C
6Y1Z,E
6Y1Z,B
6Y1Z,A
6Y1Z,D
6RQC,3
6U0M,3
6BYR,A
6BYR,C
6OA9,A
6OA9,F
6OA9,E
6OA9,D
6FWS,A
6FWS,B
7A5V,A
6RQC,2
6U0M,2
6RQC,5
6MU1,D
6MU1,C
6IUR,B
6NTS,A
6IUR,F
6Z85,G
6Z85,A
6Z85,B
6Z85,F
6Z85,I
6UP7,R
6O0F,B
6O0E,B
6O0E,A
6O0F,A
7KHR,C
6XBW,C
6XBY,D
6SZB,E
6SZA,B
6SZB,C
6SZB,D
6SZB,B
6N8Z,C
6N8Z,E
6SLV,A
6HKB,A
6HHP,A
6YPL,A
6HMT,A
6VZ4,K
7KYB,A
6SH3,E
6SH3,C
6SH3,G
6UGF,F
6UGD,B
6UGD,F
6MSE,A
6MSB,A
6MSD,A
6MSK,A
6MSJ,A
7KRA,C
7KSM,A
7KSM,E
7NFY,E
7KSL,A
7KSL,F
6RQC,7
6WLZ,C
6WM3,B
6WM2,C
6QDV,7
6KS6,B
6KS6,G
6KS6,D
6KS6,Z
6ROH,A
6ROJ,A
6ROI,A
6HR2,B
6HR2,F
6HAX,F
6HAY,B
6HAX,B
6KS6,E
7AHI,1
7AH9,1
6NJS,A
7A09,Y
6ZP4,Y
6JMV,A
6JMV,B
7BZG,B
7BZG,E
7BZG,F
7BZG,J
7BZG,I
6KS6,H
6U03,A
6TZM,A
6TZO,A
7C2E,R
6X1A,R
7LCI,R
7LCK,R
7LCJ,R
6PSP,E
6PSP,A
6PSP,B
6PSP,D
6PSP,F
6KS6,Q
7B5Q,J
7B5O,J
6QB8,Q
6V01,G
6V01,A
6V01,D
6IIA,E
6IIA,B
6NDY,B
6OO2,B
6NDY,C
6OO2,C
6NDY,D
6O0H,B
6O0H,C
6O0H,D
7JFP,B
6LZ0,A
7CKR,A
6LYY,A
6O8E,A
6O8G,A
6O8G,C
6Z1F,1
6VVS,C
6NBW,A
6MSE,B
6MSB,B
6MSD,B
6MSK,C
6MSJ,C
6MSD,C
6MSG,C
6MSH,C
6MSH,E
6MSG,E
6MSD,E
6MSE,E
6MSB,E
6IY1,A
6IY1,B
6IY1,C
6Y5E,F
6EG8,K
6EG8,L
6EG8,J
6EG8,I
6CRK,A
7JGI,A
6MV3,A
7CGN,B
7CGN,E
7CH0,E
7CH0,B
6YOV,A
6IQ4,A
6T90,A
6HK5,D
6HYJ,B
6HYJ,A
6Q6J,B
6HYY,A
6ZHE,F
6ZHE,A
6M7J,D
6VVY,C
6A2T,A
7AGU,A
7AGS,A
7B3M,B
6V2V,B
6PP9,B
6HE6,A
7BCM,A
6FIL,A
6HP9,B
7BE6,A
6PZI,G
6VBV,3
6P3H,C
6P3H,B
6P3H,A
6HYP,A
7AAY,A
6UPA,B
6FFM,A
6HYS,C
6HYT,B
6HYT,C
6Y4L,A
6MPB,B
6MPB,A
6MPB,C
6YKY,A
6YLC,A
6YLC,B
6HNI,A
6OGH,A
6NBN,A
6O1Y,A
6ZYX,Y
7KGI,C
7KGH,C
6Q27,C
6Q27,A
6Q27,D
6Q27,B
6PAQ,A
6PAQ,B
6PAO,B
6LA5,A
6LA3,A
6Q8J,A
6P4K,B
6P4J,A
6P4K,A
6TMU,A
5ZFK,A
5ZER,B
5ZFK,B
6J5W,A
6OJZ,D
6EA3,B
6EN8,F
6EN8,E
6E1O,B
6E1O,A
6TN3,B
6G9V,B
7C6I,B
7C70,A
7C6H,B
7C6G,A
7C6N,A
6GVT,B
6JZU,A
6JZY,A
6QUM,A
6R10,A
6R0Y,D
6R10,F
6R0W,E
6JIG,A
6LK4,A
6NEJ,B
6NEJ,A
6NEH,A
6NEH,B
6ZGB,B
6ZGB,A
6ZLH,A
6OJE,B
6OJF,A
6OJF,B
6S2U,A
6S2T,A
6QCV,B
7LCZ,A
7LCZ,B
6SNW,A
6SMG,A
7CL6,A
7CL6,F
7CL5,D
7CL3,F
7CL6,E
6HQ5,A
6HQ7,A
6HQ4,A
7AAV,A
6O0Q,B
6O0Q,A
6ZFX,E
6ZFX,D
6RAF,B
6RAG,B
6RAH,B
6RAK,B
6RAI,B
6RAJ,A
6RAH,A
6RAK,A
6RAI,A
6NQZ,A
6AF2,A
6AF2,D
6J7B,A
6OCG,A
6OCH,A
6OCH,C
5Z99,A
5YYB,B
5YYB,A
6NCI,B
6NCH,B
6V4K,H
6V4K,G
7BUJ,A
6YCX,A
6YCX,B
6I7E,A
6RT2,B
5OML,B
6RT2,C
5OML,C
6JJ9,E
6JJ9,A
6JJ9,C
6JJ8,B
6JJ8,C
6ZPR,A
6O5Z,B
7BSV,A
7BSU,A
6OLZ,A
6U2P,B
6K7Y,P
6K7Y,C
6OT5,A
6OT5,D
6OT5,C
6OT5,B
6G1B,J
6G1D,A
6Q45,N
6Q45,F
6Q45,L
6WOX,D
6OY5,D
6OY6,D
6P71,D
6S73,A
6S73,B
6S73,C
6TEL,B
6TEN,B
6TE6,B
6TEL,A
6TEN,A
6HBG,B
5QSS,A
5QSM,A
5QSO,A
5QSZ,A
5QSR,A
6HVL,A
6THO,A
6S48,B
6UV1,B
6UV1,A
6UV3,A
6UV2,A
6UV4,A
6NFY,A
6NFY,B
6NFZ,B
7C1Y,A
6KC6,A
6KC6,C
6KC6,I
6KC6,K
6WBG,B
6VYJ,A
6TY8,A
6TZ2,A
6LHR,B
6LHR,D
6Y79,3
6RFR,5
6Y79,1
6I7K,A
6VLD,A
6X5H,B
6X5U,A
6X5T,A
6X5U,C
6PB9,A
6P7R,A
6HPU,B
6HPU,A
6GK9,A
6GK9,D
6OJA,E
6OJA,A
6OJA,B
6OJA,F
6OJA,D
6ZSG,8
6ZSD,8
6BOZ,A
6BOZ,B
6L5O,A
6M8P,T
6T6R,A
6M8P,F
6M8P,S
6M8P,A
6C8C,B
6UO8,A
6UO9,A
7C7Q,A
6TX3,B
6M8Q,B
6M8Q,A
7D7U,C
6MDZ,A
6HZM,B
6HZM,A
6HBU,B
6HBU,A
6U88,B
6U88,D
6UZA,D
6UZA,B
6QI8,E
6QI9,E
6QI8,F
6QI9,F
6QI8,C
6K0R,I
6K0R,H
6QI9,C
6K7M,A
6K7K,A
6LI0,A
6NYY,E
6KOJ,B
6KOJ,A
6N5X,A
7CRC,A
7CRC,C
7CRC,D
6TMH,E
6TMK,E
6TMK,A
6WK9,F
6WK9,B
6WK9,A
6RN2,E
6RN2,A
6RN3,A
6AKS,A
6TT7,F
6TT7,D
